entete;17 mars 2008;00:06;Elections municipales 2008;2;16.03.2008;754;5
commune;01;GAUDIN-MUSELIER;100 509;50,42;1
commune;02;GUERINI;95 183;47,75;0
commune;03;FN;3 642;1,83;0
commune_tot;322 453;204 825;63,52;199 334;61,82;5 491;2,68
detail;SECTEUR;01;candidat;01;MENNUCCI Patrick;13 949;50,74;1
detail;SECTEUR;01;candidat;02;ROATTA Jean;13 544;49,26;0
total;42 875;28 300;66,01;27 493;64,12;807;2,85
liste_bv;detail_bv;0101;candidat;01;MENNUCCI Patrick;370;70,08;1;0102;candidat;01;MENNUCCI Patrick;261;60,42;1
liste_bv;detail_bv;0101;candidat;02;ROATTA Jean;158;29,92;0;0102;candidat;02;ROATTA Jean;171;39,58;0
liste_bv;total_bv;1 097;537;48,95;528;48,13;9;1,68;697;441;63,27;432;61,98;9;2,04
liste_bv;detail_bv;0104;candidat;01;MENNUCCI Patrick;329;73,11;1;0121;candidat;01;MENNUCCI Patrick;368;59,16;1
liste_bv;detail_bv;0104;candidat;02;ROATTA Jean;121;26,89;0;0121;candidat;02;ROATTA Jean;254;40,84;0
liste_bv;total_bv;733;460;62,76;450;61,39;10;2,17;1 084;641;59,13;622;57,38;19;2,96
liste_bv;detail_bv;0122;candidat;01;MENNUCCI Patrick;430;67,50;1;0125;candidat;01;MENNUCCI Patrick;284;49,65;0
liste_bv;detail_bv;0122;candidat;02;ROATTA Jean;207;32,50;0;0125;candidat;02;ROATTA Jean;288;50,35;1
liste_bv;total_bv;1 139;659;57,86;637;55,93;22;3,34;894;582;65,10;572;63,98;10;1,72
liste_bv;detail_bv;0126;candidat;01;MENNUCCI Patrick;391;70,71;1;0127;candidat;01;MENNUCCI Patrick;377;68,80;1
liste_bv;detail_bv;0126;candidat;02;ROATTA Jean;162;29,29;0;0127;candidat;02;ROATTA Jean;171;31,20;0
liste_bv;total_bv;930;571;61,40;553;59,46;18;3,15;870;564;64,83;548;62,99;16;2,84
liste_bv;detail_bv;0128;candidat;01;MENNUCCI Patrick;373;64,64;1;0141;candidat;01;MENNUCCI Patrick;275;72,75;1
liste_bv;detail_bv;0128;candidat;02;ROATTA Jean;204;35,36;0;0141;candidat;02;ROATTA Jean;103;27,25;0
liste_bv;total_bv;935;594;63,53;577;61,71;17;2,86;713;390;54,70;378;53,02;12;3,08
liste_bv;detail_bv;0142;candidat;01;MENNUCCI Patrick;332;67,34;1;0181;candidat;01;MENNUCCI Patrick;485;64,75;1
liste_bv;detail_bv;0142;candidat;02;ROATTA Jean;161;32,66;0;0181;candidat;02;ROATTA Jean;264;35,25;0
liste_bv;total_bv;809;505;62,42;493;60,94;12;2,38;1 279;769;60,13;749;58,56;20;2,60
liste_bv;detail_bv;0182;candidat;01;MENNUCCI Patrick;310;57,84;1;0183;candidat;01;MENNUCCI Patrick;453;61,13;1
liste_bv;detail_bv;0182;candidat;02;ROATTA Jean;226;42,16;0;0183;candidat;02;ROATTA Jean;288;38,87;0
liste_bv;total_bv;806;551;68,36;536;66,50;15;2,72;1 158;758;65,46;741;63,99;17;2,24
liste_bv;detail_bv;0184;candidat;01;MENNUCCI Patrick;441;63,82;1;0186;candidat;01;MENNUCCI Patrick;478;58,08;1
liste_bv;detail_bv;0184;candidat;02;ROATTA Jean;250;36,18;0;0186;candidat;02;ROATTA Jean;345;41,92;0
liste_bv;total_bv;1 229;711;57,85;691;56,22;20;2,81;1 275;840;65,88;823;64,55;17;2,02
liste_bv;detail_bv;0187;candidat;01;MENNUCCI Patrick;427;52,72;1;0188;candidat;01;MENNUCCI Patrick;440;52,69;1
liste_bv;detail_bv;0187;candidat;02;ROATTA Jean;383;47,28;0;0188;candidat;02;ROATTA Jean;395;47,31;0
liste_bv;total_bv;1 233;829;67,23;810;65,69;19;2,29;1 282;864;67,39;835;65,13;29;3,36
detail;rupture_bv;;;;;;;
liste_bv;detail_bv;0701;candidat;01;MENNUCCI Patrick;246;44,73;0;0702;candidat;01;MENNUCCI Patrick;233;45,51;0
liste_bv;detail_bv;0701;candidat;02;ROATTA Jean;304;55,27;1;0702;candidat;02;ROATTA Jean;279;54,49;1
liste_bv;total_bv;841;573;68,13;550;65,40;23;4,01;802;529;65,96;512;63,84;17;3,21
liste_bv;detail_bv;0703;candidat;01;MENNUCCI Patrick;271;45,17;0;0721;candidat;01;MENNUCCI Patrick;42;60,00;1
liste_bv;detail_bv;0703;candidat;02;ROATTA Jean;329;54,83;1;0721;candidat;02;ROATTA Jean;28;40,00;0
liste_bv;total_bv;900;623;69,22;600;66,67;23;3,69;89;71;79,78;70;78,65;1;1,41
liste_bv;detail_bv;0751;candidat;01;MENNUCCI Patrick;367;44,92;0;0752;candidat;01;MENNUCCI Patrick;193;41,06;0
liste_bv;detail_bv;0751;candidat;02;ROATTA Jean;450;55,08;1;0752;candidat;02;ROATTA Jean;277;58,94;1
liste_bv;total_bv;1 253;845;67,44;817;65,20;28;3,31;763;491;64,35;470;61,60;21;4,28
liste_bv;detail_bv;0753;candidat;01;MENNUCCI Patrick;352;46,13;0;0754;candidat;01;MENNUCCI Patrick;280;45,02;0
liste_bv;detail_bv;0753;candidat;02;ROATTA Jean;411;53,87;1;0754;candidat;02;ROATTA Jean;342;54,98;1
liste_bv;total_bv;1 164;777;66,75;763;65,55;14;1,80;911;639;70,14;622;68,28;17;2,66
liste_bv;detail_bv;0755;candidat;01;MENNUCCI Patrick;235;42,96;0;0756;candidat;01;MENNUCCI Patrick;326;47,45;0
liste_bv;detail_bv;0755;candidat;02;ROATTA Jean;312;57,04;1;0756;candidat;02;ROATTA Jean;361;52,55;1
liste_bv;total_bv;864;564;65,28;547;63,31;17;3,01;1 044;703;67,34;687;65,80;16;2,28
liste_bv;detail_bv;0757;candidat;01;MENNUCCI Patrick;335;45,21;0;0759;candidat;01;MENNUCCI Patrick;336;47,66;0
liste_bv;detail_bv;0757;candidat;02;ROATTA Jean;406;54,79;1;0759;candidat;02;ROATTA Jean;369;52,34;1
liste_bv;total_bv;1 132;773;68,29;741;65,46;32;4,14;1 141;726;63,63;705;61,79;21;2,89
liste_bv;detail_bv;0760;candidat;01;MENNUCCI Patrick;345;48,87;0;0761;candidat;01;MENNUCCI Patrick;230;49,78;0
liste_bv;detail_bv;0760;candidat;02;ROATTA Jean;361;51,13;1;0761;candidat;02;ROATTA Jean;232;50,22;1
liste_bv;total_bv;1 112;727;65,38;706;63,49;21;2,89;727;487;66,99;462;63,55;25;5,13
liste_bv;detail_bv;0762;candidat;01;MENNUCCI Patrick;314;51,39;1;0763;candidat;01;MENNUCCI Patrick;292;48,18;0
liste_bv;detail_bv;0762;candidat;02;ROATTA Jean;297;48,61;0;0763;candidat;02;ROATTA Jean;314;51,82;1
liste_bv;total_bv;886;623;70,32;611;68,96;12;1,93;873;628;71,94;606;69,42;22;3,50
liste_bv;detail_bv;0764;candidat;01;MENNUCCI Patrick;357;50,35;1;0766;candidat;01;MENNUCCI Patrick;379;51,85;1
liste_bv;detail_bv;0764;candidat;02;ROATTA Jean;352;49,65;0;0766;candidat;02;ROATTA Jean;352;48,15;0
liste_bv;total_bv;1 060;733;69,15;709;66,89;24;3,27;1 094;760;69,47;731;66,82;29;3,82
detail;rupture_bv;;;;;;;
liste_bv;detail_bv;0767;candidat;01;MENNUCCI Patrick;245;37,75;0;0768;candidat;01;MENNUCCI Patrick;181;36,64;0
liste_bv;detail_bv;0767;candidat;02;ROATTA Jean;404;62,25;1;0768;candidat;02;ROATTA Jean;313;63,36;1
liste_bv;total_bv;942;668;70,91;649;68,90;19;2,84;712;502;70,51;494;69,38;8;1,59
liste_bv;detail_bv;0769;candidat;01;MENNUCCI Patrick;216;42,44;0;0770;candidat;01;MENNUCCI Patrick;224;36,07;0
liste_bv;detail_bv;0769;candidat;02;ROATTA Jean;293;57,56;1;0770;candidat;02;ROATTA Jean;397;63,93;1
liste_bv;total_bv;754;531;70,42;509;67,51;22;4,14;882;632;71,66;621;70,41;11;1,74
liste_bv;detail_bv;0771;candidat;01;MENNUCCI Patrick;191;36,11;0;0772;candidat;01;MENNUCCI Patrick;257;35,21;0
liste_bv;detail_bv;0771;candidat;02;ROATTA Jean;338;63,89;1;0772;candidat;02;ROATTA Jean;473;64,79;1
liste_bv;total_bv;744;541;72,72;529;71,10;12;2,22;1 064;754;70,86;730;68,61;24;3,18
liste_bv;detail_bv;0773;candidat;01;MENNUCCI Patrick;217;27,93;0;0774;candidat;01;MENNUCCI Patrick;301;31,95;0
liste_bv;detail_bv;0773;candidat;02;ROATTA Jean;560;72,07;1;0774;candidat;02;ROATTA Jean;641;68,05;1
liste_bv;total_bv;1 101;794;72,12;777;70,57;17;2,14;1 309;966;73,80;942;71,96;24;2,48
liste_bv;detail_bv;0775;candidat;01;MENNUCCI Patrick;160;44,69;0;;;;;;;
liste_bv;detail_bv;0775;candidat;02;ROATTA Jean;198;55,31;1;;;;;;;
liste_bv;total_bv;548;374;68,25;358;65,33;16;4,28;;;;;;;
detail;SECTEUR;03;candidat;01;GUERINI Jean-Noël;16 776;48,57;0
detail;SECTEUR;03;candidat;02;MUSELIER Renaud;17 761;51,43;1
total;53 957;35 590;65,96;34 537;64,01;1 053;2,96
liste_bv;detail_bv;0401;candidat;01;GUERINI Jean-Noël;363;51,78;1;0402;candidat;01;GUERINI Jean-Noël;391;50,85;1
liste_bv;detail_bv;0401;candidat;02;MUSELIER Renaud;338;48,22;0;0402;candidat;02;MUSELIER Renaud;378;49,15;0
liste_bv;total_bv;1 095;731;66,76;701;64,02;30;4,10;1 222;792;64,81;769;62,93;23;2,90
liste_bv;detail_bv;0404;candidat;01;GUERINI Jean-Noël;356;46,41;0;0406;candidat;01;GUERINI Jean-Noël;367;45,03;0
liste_bv;detail_bv;0404;candidat;02;MUSELIER Renaud;411;53,59;1;0406;candidat;02;MUSELIER Renaud;448;54,97;1
liste_bv;total_bv;1 175;796;67,74;767;65,28;29;3,64;1 297;840;64,76;815;62,84;25;2,98
liste_bv;detail_bv;0407;candidat;01;GUERINI Jean-Noël;302;45,07;0;0408;candidat;01;GUERINI Jean-Noël;221;52,25;1
liste_bv;detail_bv;0407;candidat;02;MUSELIER Renaud;368;54,93;1;0408;candidat;02;MUSELIER Renaud;202;47,75;0
liste_bv;total_bv;1 154;686;59,45;670;58,06;16;2,33;722;439;60,80;423;58,59;16;3,64
liste_bv;detail_bv;0409;candidat;01;GUERINI Jean-Noël;253;46,59;0;0410;candidat;01;GUERINI Jean-Noël;231;52,86;1
liste_bv;detail_bv;0409;candidat;02;MUSELIER Renaud;290;53,41;1;0410;candidat;02;MUSELIER Renaud;206;47,14;0
liste_bv;total_bv;865;557;64,39;543;62,77;14;2,51;786;459;58,40;437;55,60;22;4,79
liste_bv;detail_bv;0421;candidat;01;GUERINI Jean-Noël;441;51,46;1;0422;candidat;01;GUERINI Jean-Noël;351;46,00;0
liste_bv;detail_bv;0421;candidat;02;MUSELIER Renaud;416;48,54;0;0422;candidat;02;MUSELIER Renaud;412;54,00;1
liste_bv;total_bv;1 380;877;63,55;857;62,10;20;2,28;1 239;785;63,36;763;61,58;22;2,80
liste_bv;detail_bv;0424;candidat;01;GUERINI Jean-Noël;252;41,45;0;0425;candidat;01;GUERINI Jean-Noël;230;40,56;0
liste_bv;detail_bv;0424;candidat;02;MUSELIER Renaud;356;58,55;1;0425;candidat;02;MUSELIER Renaud;337;59,44;1
liste_bv;total_bv;921;622;67,54;608;66,02;14;2,25;868;583;67,17;567;65,32;16;2,74
liste_bv;detail_bv;0426;candidat;01;GUERINI Jean-Noël;237;49,58;0;0427;candidat;01;GUERINI Jean-Noël;181;50,70;1
liste_bv;detail_bv;0426;candidat;02;MUSELIER Renaud;241;50,42;1;0427;candidat;02;MUSELIER Renaud;176;49,30;0
liste_bv;total_bv;789;504;63,88;478;60,58;26;5,16;660;369;55,91;357;54,09;12;3,25
liste_bv;detail_bv;0428;candidat;01;GUERINI Jean-Noël;410;50,43;1;0441;candidat;01;GUERINI Jean-Noël;212;45,59;0
liste_bv;detail_bv;0428;candidat;02;MUSELIER Renaud;403;49,57;0;0441;candidat;02;MUSELIER Renaud;253;54,41;1
liste_bv;total_bv;1 347;853;63,33;813;60,36;40;4,69;768;485;63,15;465;60,55;20;4,12
liste_bv;detail_bv;0442;candidat;01;GUERINI Jean-Noël;243;46,82;0;0443;candidat;01;GUERINI Jean-Noël;276;46,00;0
liste_bv;detail_bv;0442;candidat;02;MUSELIER Renaud;276;53,18;1;0443;candidat;02;MUSELIER Renaud;324;54,00;1
liste_bv;total_bv;778;541;69,54;519;66,71;22;4,07;906;629;69,43;600;66,23;29;4,61
detail;rupture_bv;;;;;;;
liste_bv;detail_bv;0451;candidat;01;GUERINI Jean-Noël;362;54,19;1;0452;candidat;01;GUERINI Jean-Noël;313;45,69;0
liste_bv;detail_bv;0451;candidat;02;MUSELIER Renaud;306;45,81;0;0452;candidat;02;MUSELIER Renaud;372;54,31;1
liste_bv;total_bv;1 010;686;67,92;668;66,14;18;2,62;1 034;701;67,79;685;66,25;16;2,28
liste_bv;detail_bv;0453;candidat;01;GUERINI Jean-Noël;260;42,69;0;0454;candidat;01;GUERINI Jean-Noël;316;43,53;0
liste_bv;detail_bv;0453;candidat;02;MUSELIER Renaud;349;57,31;1;0454;candidat;02;MUSELIER Renaud;410;56,47;1
liste_bv;total_bv;898;629;70,04;609;67,82;20;3,18;1 083;742;68,51;726;67,04;16;2,16
liste_bv;detail_bv;0455;candidat;01;GUERINI Jean-Noël;268;45,35;0;0456;candidat;01;GUERINI Jean-Noël;275;42,70;0
liste_bv;detail_bv;0455;candidat;02;MUSELIER Renaud;323;54,65;1;0456;candidat;02;MUSELIER Renaud;369;57,30;1
liste_bv;total_bv;831;600;72,20;591;71,12;9;1,50;946;660;69,77;644;68,08;16;2,42
liste_bv;detail_bv;0471;candidat;01;GUERINI Jean-Noël;296;44,71;0;0473;candidat;01;GUERINI Jean-Noël;306;40,96;0
liste_bv;detail_bv;0471;candidat;02;MUSELIER Renaud;366;55,29;1;0473;candidat;02;MUSELIER Renaud;441;59,04;1
liste_bv;total_bv;1 055;681;64,55;662;62,75;19;2,79;1 130;772;68,32;747;66,11;25;3,24
liste_bv;detail_bv;0474;candidat;01;GUERINI Jean-Noël;384;47,41;0;0475;candidat;01;GUERINI Jean-Noël;255;47,66;0
liste_bv;detail_bv;0474;candidat;02;MUSELIER Renaud;426;52,59;1;0475;candidat;02;MUSELIER Renaud;280;52,34;1
liste_bv;total_bv;1 240;834;67,26;810;65,32;24;2,88;873;551;63,12;535;61,28;16;2,90
liste_bv;detail_bv;0491;candidat;01;GUERINI Jean-Noël;336;48,41;0;0501;candidat;01;GUERINI Jean-Noël;521;62,92;1
liste_bv;detail_bv;0491;candidat;02;MUSELIER Renaud;358;51,59;1;0501;candidat;02;MUSELIER Renaud;307;37,08;0
liste_bv;total_bv;1 183;706;59,68;694;58,66;12;1,70;1 211;854;70,52;828;68,37;26;3,04
liste_bv;detail_bv;0502;candidat;01;GUERINI Jean-Noël;446;56,96;1;0504;candidat;01;GUERINI Jean-Noël;339;57,17;1
liste_bv;detail_bv;0502;candidat;02;MUSELIER Renaud;337;43,04;0;0504;candidat;02;MUSELIER Renaud;254;42,83;0
liste_bv;total_bv;1 178;803;68,17;783;66,47;20;2,49;880;613;69,66;593;67,39;20;3,26
liste_bv;detail_bv;0505;candidat;01;GUERINI Jean-Noël;405;62,50;1;0506;candidat;01;GUERINI Jean-Noël;490;61,64;1
liste_bv;detail_bv;0505;candidat;02;MUSELIER Renaud;243;37,50;0;0506;candidat;02;MUSELIER Renaud;305;38,36;0
liste_bv;total_bv;1 003;670;66,80;648;64,61;22;3,28;1 242;825;66,43;795;64,01;30;3,64
liste_bv;detail_bv;0508;candidat;01;GUERINI Jean-Noël;448;62,05;1;0510;candidat;01;GUERINI Jean-Noël;332;50,08;1
liste_bv;detail_bv;0508;candidat;02;MUSELIER Renaud;274;37,95;0;0510;candidat;02;MUSELIER Renaud;331;49,92;0
liste_bv;total_bv;1 170;739;63,16;722;61,71;17;2,30;1 004;678;67,53;663;66,04;15;2,21
detail;rupture_bv;;;;;;;
liste_bv;detail_bv;0511;candidat;01;GUERINI Jean-Noël;241;46,53;0;0512;candidat;01;GUERINI Jean-Noël;292;40,67;0
liste_bv;detail_bv;0511;candidat;02;MUSELIER Renaud;277;53,47;1;0512;candidat;02;MUSELIER Renaud;426;59,33;1
liste_bv;total_bv;771;534;69,26;518;67,19;16;3,00;1 073;753;70,18;718;66,92;35;4,65
liste_bv;detail_bv;0513;candidat;01;GUERINI Jean-Noël;351;51,85;1;0514;candidat;01;GUERINI Jean-Noël;325;42,04;0
liste_bv;detail_bv;0513;candidat;02;MUSELIER Renaud;326;48,15;0;0514;candidat;02;MUSELIER Renaud;448;57,96;1
liste_bv;total_bv;1 019;700;68,69;677;66,44;23;3,29;1 130;794;70,27;773;68,41;21;2,64
liste_bv;detail_bv;0515;candidat;01;GUERINI Jean-Noël;261;41,76;0;0551;candidat;01;GUERINI Jean-Noël;385;48,43;0
liste_bv;detail_bv;0515;candidat;02;MUSELIER Renaud;364;58,24;1;0551;candidat;02;MUSELIER Renaud;410;51,57;1
liste_bv;total_bv;940;638;67,87;625;66,49;13;2,04;1 313;821;62,53;795;60,55;26;3,17
liste_bv;detail_bv;0552;candidat;01;GUERINI Jean-Noël;335;49,78;0;0554;candidat;01;GUERINI Jean-Noël;401;50,95;1
liste_bv;detail_bv;0552;candidat;02;MUSELIER Renaud;338;50,22;1;0554;candidat;02;MUSELIER Renaud;386;49,05;0
liste_bv;total_bv;1 088;695;63,88;673;61,86;22;3,17;1 305;812;62,22;787;60,31;25;3,08
liste_bv;detail_bv;0555;candidat;01;GUERINI Jean-Noël;306;53,68;1;0556;candidat;01;GUERINI Jean-Noël;388;47,72;0
liste_bv;detail_bv;0555;candidat;02;MUSELIER Renaud;264;46,32;0;0556;candidat;02;MUSELIER Renaud;425;52,28;1
liste_bv;total_bv;974;578;59,34;570;58,52;8;1,38;1 350;845;62,59;813;60,22;32;3,79
liste_bv;detail_bv;0557;candidat;01;GUERINI Jean-Noël;330;43,59;0;0558;candidat;01;GUERINI Jean-Noël;204;52,85;1
liste_bv;detail_bv;0557;candidat;02;MUSELIER Renaud;427;56,41;1;0558;candidat;02;MUSELIER Renaud;182;47,15;0
liste_bv;total_bv;1 087;768;70,65;757;69,64;11;1,43;600;395;65,83;386;64,33;9;2,28
liste_bv;detail_bv;0559;candidat;01;GUERINI Jean-Noël;354;42,09;0;0560;candidat;01;GUERINI Jean-Noël;252;41,31;0
liste_bv;detail_bv;0559;candidat;02;MUSELIER Renaud;487;57,91;1;0560;candidat;02;MUSELIER Renaud;358;58,69;1
liste_bv;total_bv;1 235;864;69,96;841;68,10;23;2,66;948;623;65,72;610;64,35;13;2,09
liste_bv;detail_bv;0561;candidat;01;GUERINI Jean-Noël;314;45,11;0;0563;candidat;01;GUERINI Jean-Noël;368;49,53;0
liste_bv;detail_bv;0561;candidat;02;MUSELIER Renaud;382;54,89;1;0563;candidat;02;MUSELIER Renaud;375;50,47;1
liste_bv;total_bv;1 113;717;64,42;696;62,53;21;2,93;1 068;761;71,25;743;69,57;18;2,37
detail;SECTEUR;05;candidat;01;TEISSIER Guy;27 343;58,68;1
detail;SECTEUR;05;candidat;02;OLMETA René;19 257;41,32;0
total;76 713;47 905;62,45;46 600;60,75;1 305;2,72
liste_bv;detail_bv;0901;candidat;01;TEISSIER Guy;77;49,36;0;0921;candidat;01;TEISSIER Guy;388;63,09;1
liste_bv;detail_bv;0901;candidat;02;OLMETA René;79;50,64;1;0921;candidat;02;OLMETA René;227;36,91;0
liste_bv;total_bv;332;160;48,19;156;46,99;4;2,50;951;625;65,72;615;64,67;10;1,60
liste_bv;detail_bv;0922;candidat;01;TEISSIER Guy;201;58,43;1;0923;candidat;01;TEISSIER Guy;216;48,00;0
liste_bv;detail_bv;0922;candidat;02;OLMETA René;143;41,57;0;0923;candidat;02;OLMETA René;234;52,00;1
liste_bv;total_bv;547;352;64,35;344;62,89;8;2,27;887;459;51,75;450;50,73;9;1,96
liste_bv;detail_bv;0924;candidat;01;TEISSIER Guy;269;59,65;1;0925;candidat;01;TEISSIER Guy;311;63,34;1
liste_bv;detail_bv;0924;candidat;02;OLMETA René;182;40,35;0;0925;candidat;02;OLMETA René;180;36,66;0
liste_bv;total_bv;719;469;65,23;451;62,73;18;3,84;849;501;59,01;491;57,83;10;2,00
liste_bv;detail_bv;0926;candidat;01;TEISSIER Guy;174;55,77;1;0927;candidat;01;TEISSIER Guy;482;60,63;1
liste_bv;detail_bv;0926;candidat;02;OLMETA René;138;44,23;0;0927;candidat;02;OLMETA René;313;39,37;0
liste_bv;total_bv;593;318;53,63;312;52,61;6;1,89;1 347;826;61,32;795;59,02;31;3,75
liste_bv;detail_bv;0928;candidat;01;TEISSIER Guy;423;56,25;1;0929;candidat;01;TEISSIER Guy;389;69,84;1
liste_bv;detail_bv;0928;candidat;02;OLMETA René;329;43,75;0;0929;candidat;02;OLMETA René;168;30,16;0
liste_bv;total_bv;1 260;777;61,67;752;59,68;25;3,22;919;567;61,70;557;60,61;10;1,76
liste_bv;detail_bv;0930;candidat;01;TEISSIER Guy;409;67,16;1;0931;candidat;01;TEISSIER Guy;397;57,29;1
liste_bv;detail_bv;0930;candidat;02;OLMETA René;200;32,84;0;0931;candidat;02;OLMETA René;296;42,71;0
liste_bv;total_bv;1 003;628;62,61;609;60,72;19;3,03;1 250;713;57,04;693;55,44;20;2,81
liste_bv;detail_bv;0932;candidat;01;TEISSIER Guy;322;55,14;1;0934;candidat;01;TEISSIER Guy;385;58,78;1
liste_bv;detail_bv;0932;candidat;02;OLMETA René;262;44,86;0;0934;candidat;02;OLMETA René;270;41,22;0
liste_bv;total_bv;993;606;61,03;584;58,81;22;3,63;1 077;678;62,95;655;60,82;23;3,39
liste_bv;detail_bv;0935;candidat;01;TEISSIER Guy;186;61,59;1;0936;candidat;01;TEISSIER Guy;235;56,63;1
liste_bv;detail_bv;0935;candidat;02;OLMETA René;116;38,41;0;0936;candidat;02;OLMETA René;180;43,37;0
liste_bv;total_bv;529;314;59,36;302;57,09;12;3,82;719;423;58,83;415;57,72;8;1,89
liste_bv;detail_bv;0949;candidat;01;TEISSIER Guy;250;58,69;1;0950;candidat;01;TEISSIER Guy;302;61,63;1
liste_bv;detail_bv;0949;candidat;02;OLMETA René;176;41,31;0;0950;candidat;02;OLMETA René;188;38,37;0
liste_bv;total_bv;648;440;67,90;426;65,74;14;3,18;724;505;69,75;490;67,68;15;2,97
detail;rupture_bv;;;;;;;
liste_bv;detail_bv;0951;candidat;01;TEISSIER Guy;482;63,17;1;0952;candidat;01;TEISSIER Guy;594;66,82;1
liste_bv;detail_bv;0951;candidat;02;OLMETA René;281;36,83;0;0952;candidat;02;OLMETA René;295;33,18;0
liste_bv;total_bv;1 209;791;65,43;763;63,11;28;3,54;1 352;910;67,31;889;65,75;21;2,31
liste_bv;detail_bv;0953;candidat;01;TEISSIER Guy;358;60,58;1;0954;candidat;01;TEISSIER Guy;255;50,10;1
liste_bv;detail_bv;0953;candidat;02;OLMETA René;233;39,42;0;0954;candidat;02;OLMETA René;254;49,90;0
liste_bv;total_bv;982;603;61,41;591;60,18;12;1,99;872;527;60,44;509;58,37;18;3,42
liste_bv;detail_bv;0955;candidat;01;TEISSIER Guy;499;65,40;1;0956;candidat;01;TEISSIER Guy;251;36,75;0
liste_bv;detail_bv;0955;candidat;02;OLMETA René;264;34,60;0;0956;candidat;02;OLMETA René;432;63,25;1
liste_bv;total_bv;1 140;785;68,86;763;66,93;22;2,80;1 215;702;57,78;683;56,21;19;2,71
liste_bv;detail_bv;0957;candidat;01;TEISSIER Guy;439;62,98;1;0958;candidat;01;TEISSIER Guy;344;63,24;1
liste_bv;detail_bv;0957;candidat;02;OLMETA René;258;37,02;0;0958;candidat;02;OLMETA René;200;36,76;0
liste_bv;total_bv;1 073;716;66,73;697;64,96;19;2,65;793;544;68,60;544;68,60;0;0,00
liste_bv;detail_bv;0959;candidat;01;TEISSIER Guy;433;62,03;1;0960;candidat;01;TEISSIER Guy;511;63,09;1
liste_bv;detail_bv;0959;candidat;02;OLMETA René;265;37,97;0;0960;candidat;02;OLMETA René;299;36,91;0
liste_bv;total_bv;1 063;716;67,36;698;65,66;18;2,51;1 215;831;68,40;810;66,67;21;2,53
liste_bv;detail_bv;0961;candidat;01;TEISSIER Guy;365;67,34;1;0962;candidat;01;TEISSIER Guy;539;66,54;1
liste_bv;detail_bv;0961;candidat;02;OLMETA René;177;32,66;0;0962;candidat;02;OLMETA René;271;33,46;0
liste_bv;total_bv;876;559;63,81;542;61,87;17;3,04;1 261;825;65,42;810;64,23;15;1,82
liste_bv;detail_bv;0963;candidat;01;TEISSIER Guy;465;74,76;1;0964;candidat;01;TEISSIER Guy;383;69,26;1
liste_bv;detail_bv;0963;candidat;02;OLMETA René;157;25,24;0;0964;candidat;02;OLMETA René;170;30,74;0
liste_bv;total_bv;900;638;70,89;622;69,11;16;2,51;857;566;66,04;553;64,53;13;2,30
liste_bv;detail_bv;0965;candidat;01;TEISSIER Guy;549;68,37;1;0966;candidat;01;TEISSIER Guy;614;71,73;1
liste_bv;detail_bv;0965;candidat;02;OLMETA René;254;31,63;0;0966;candidat;02;OLMETA René;242;28,27;0
liste_bv;total_bv;1 264;823;65,11;803;63,53;20;2,43;1 291;877;67,93;856;66,31;21;2,39
liste_bv;detail_bv;0967;candidat;01;TEISSIER Guy;297;67,50;1;0968;candidat;01;TEISSIER Guy;402;61,00;1
liste_bv;detail_bv;0967;candidat;02;OLMETA René;143;32,50;0;0968;candidat;02;OLMETA René;257;39,00;0
liste_bv;total_bv;716;447;62,43;440;61,45;7;1,57;1 075;667;62,05;659;61,30;8;1,20
detail;rupture_bv;;;;;;;
liste_bv;detail_bv;0969;candidat;01;TEISSIER Guy;319;62,06;1;0970;candidat;01;TEISSIER Guy;352;58,18;1
liste_bv;detail_bv;0969;candidat;02;OLMETA René;195;37,94;0;0970;candidat;02;OLMETA René;253;41,82;0
liste_bv;total_bv;846;520;61,47;514;60,76;6;1,15;995;621;62,41;605;60,80;16;2,58
liste_bv;detail_bv;0971;candidat;01;TEISSIER Guy;380;63,44;1;0972;candidat;01;TEISSIER Guy;468;60,94;1
liste_bv;detail_bv;0971;candidat;02;OLMETA René;219;36,56;0;0972;candidat;02;OLMETA René;300;39,06;0
liste_bv;total_bv;980;611;62,35;599;61,12;12;1,96;1 295;790;61,00;768;59,31;22;2,78
liste_bv;detail_bv;0973;candidat;01;TEISSIER Guy;342;61,07;1;0974;candidat;01;TEISSIER Guy;573;66,01;1
liste_bv;detail_bv;0973;candidat;02;OLMETA René;218;38,93;0;0974;candidat;02;OLMETA René;295;33,99;0
liste_bv;total_bv;896;576;64,29;560;62,50;16;2,78;1 313;887;67,56;868;66,11;19;2,14
liste_bv;detail_bv;0975;candidat;01;TEISSIER Guy;125;49,80;0;0976;candidat;01;TEISSIER Guy;308;53,57;1
liste_bv;detail_bv;0975;candidat;02;OLMETA René;126;50,20;1;0976;candidat;02;OLMETA René;267;46,43;0
liste_bv;total_bv;466;265;56,87;251;53,86;14;5,28;1 040;597;57,40;575;55,29;22;3,69
liste_bv;detail_bv;0977;candidat;01;TEISSIER Guy;499;71,08;1;0978;candidat;01;TEISSIER Guy;291;48,42;0
liste_bv;detail_bv;0977;candidat;02;OLMETA René;203;28,92;0;0978;candidat;02;OLMETA René;310;51,58;1
liste_bv;total_bv;1 082;719;66,45;702;64,88;17;2,36;933;612;65,59;601;64,42;11;1,80
liste_bv;detail_bv;0979;candidat;01;TEISSIER Guy;319;62,18;1;0980;candidat;01;TEISSIER Guy;355;65,99;1
liste_bv;detail_bv;0979;candidat;02;OLMETA René;194;37,82;0;0980;candidat;02;OLMETA René;183;34,01;0
liste_bv;total_bv;895;539;60,22;513;57,32;26;4,82;802;548;68,33;538;67,08;10;1,82
liste_bv;detail_bv;1001;candidat;01;TEISSIER Guy;190;51,08;1;1002;candidat;01;TEISSIER Guy;296;47,36;0
liste_bv;detail_bv;1001;candidat;02;OLMETA René;182;48,92;0;1002;candidat;02;OLMETA René;329;52,64;1
liste_bv;total_bv;666;393;59,01;372;55,86;21;5,34;1 126;644;57,19;625;55,51;19;2,95
liste_bv;detail_bv;1003;candidat;01;TEISSIER Guy;394;58,11;1;1004;candidat;01;TEISSIER Guy;317;55,42;1
liste_bv;detail_bv;1003;candidat;02;OLMETA René;284;41,89;0;1004;candidat;02;OLMETA René;255;44,58;0
liste_bv;total_bv;1 217;699;57,44;678;55,71;21;3,00;972;591;60,80;572;58,85;19;3,21
liste_bv;detail_bv;1005;candidat;01;TEISSIER Guy;199;50,77;1;1006;candidat;01;TEISSIER Guy;270;46,31;0
liste_bv;detail_bv;1005;candidat;02;OLMETA René;193;49,23;0;1006;candidat;02;OLMETA René;313;53,69;1
liste_bv;total_bv;665;400;60,15;392;58,95;8;2,00;1 043;592;56,76;583;55,90;9;1,52
detail;rupture_bv;;;;;;;
liste_bv;detail_bv;1007;candidat;01;TEISSIER Guy;237;48,07;0;1008;candidat;01;TEISSIER Guy;320;57,66;1
liste_bv;detail_bv;1007;candidat;02;OLMETA René;256;51,93;1;1008;candidat;02;OLMETA René;235;42,34;0
liste_bv;total_bv;813;519;63,84;493;60,64;26;5,01;979;576;58,84;555;56,69;21;3,65
liste_bv;detail_bv;1021;candidat;01;TEISSIER Guy;309;53,65;1;1022;candidat;01;TEISSIER Guy;272;59,00;1
liste_bv;detail_bv;1021;candidat;02;OLMETA René;267;46,35;0;1022;candidat;02;OLMETA René;189;41,00;0
liste_bv;total_bv;916;589;64,30;576;62,88;13;2,21;677;475;70,16;461;68,09;14;2,95
liste_bv;detail_bv;1041;candidat;01;TEISSIER Guy;172;46,36;0;1061;candidat;01;TEISSIER Guy;374;55,99;1
liste_bv;detail_bv;1041;candidat;02;OLMETA René;199;53,64;1;1061;candidat;02;OLMETA René;294;44,01;0
liste_bv;total_bv;565;390;69,03;371;65,66;19;4,87;1 121;696;62,09;668;59,59;28;4,02
liste_bv;detail_bv;1062;candidat;01;TEISSIER Guy;269;46,78;0;1063;candidat;01;TEISSIER Guy;311;56,86;1
liste_bv;detail_bv;1062;candidat;02;OLMETA René;306;53,22;1;1063;candidat;02;OLMETA René;236;43,14;0
liste_bv;total_bv;1 099;588;53,50;575;52,32;13;2,21;938;566;60,34;547;58,32;19;3,36
liste_bv;detail_bv;1064;candidat;01;TEISSIER Guy;440;58,51;1;1065;candidat;01;TEISSIER Guy;170;35,56;0
liste_bv;detail_bv;1064;candidat;02;OLMETA René;312;41,49;0;1065;candidat;02;OLMETA René;308;64,44;1
liste_bv;total_bv;1 231;772;62,71;752;61,09;20;2,59;856;490;57,24;478;55,84;12;2,45
liste_bv;detail_bv;1066;candidat;01;TEISSIER Guy;389;60,69;1;1067;candidat;01;TEISSIER Guy;365;57,84;1
liste_bv;detail_bv;1066;candidat;02;OLMETA René;252;39,31;0;1067;candidat;02;OLMETA René;266;42,16;0
liste_bv;total_bv;1 031;662;64,21;641;62,17;21;3,17;1 084;652;60,15;631;58,21;21;3,22
liste_bv;detail_bv;1068;candidat;01;TEISSIER Guy;412;56,44;1;1069;candidat;01;TEISSIER Guy;419;58,52;1
liste_bv;detail_bv;1068;candidat;02;OLMETA René;318;43,56;0;1069;candidat;02;OLMETA René;297;41,48;0
liste_bv;total_bv;1 162;756;65,06;730;62,82;26;3,44;1 189;735;61,82;716;60,22;19;2,59
liste_bv;detail_bv;1070;candidat;01;TEISSIER Guy;345;60,53;1;1071;candidat;01;TEISSIER Guy;475;61,69;1
liste_bv;detail_bv;1070;candidat;02;OLMETA René;225;39,47;0;1071;candidat;02;OLMETA René;295;38,31;0
liste_bv;total_bv;930;585;62,90;570;61,29;15;2,56;1 324;788;59,52;770;58,16;18;2,28
liste_bv;detail_bv;1072;candidat;01;TEISSIER Guy;336;54,63;1;1073;candidat;01;TEISSIER Guy;425;48,41;0
liste_bv;detail_bv;1072;candidat;02;OLMETA René;279;45,37;0;1073;candidat;02;OLMETA René;453;51,59;1
liste_bv;total_bv;1 059;631;59,58;615;58,07;16;2,54;1 348;900;66,77;878;65,13;22;2,44
detail;rupture_bv;;;;;;;
liste_bv;detail_bv;1074;candidat;01;TEISSIER Guy;250;64,77;1;1075;candidat;01;TEISSIER Guy;365;56,68;1
liste_bv;detail_bv;1074;candidat;02;OLMETA René;136;35,23;0;1075;candidat;02;OLMETA René;279;43,32;0
liste_bv;total_bv;616;396;64,29;386;62,66;10;2,53;1 094;653;59,69;644;58,87;9;1,38
liste_bv;detail_bv;1076;candidat;01;TEISSIER Guy;438;56,15;1;1077;candidat;01;TEISSIER Guy;233;40,95;0
liste_bv;detail_bv;1076;candidat;02;OLMETA René;342;43,85;0;1077;candidat;02;OLMETA René;336;59,05;1
liste_bv;total_bv;1 297;806;62,14;780;60,14;26;3,23;1 052;592;56,27;569;54,09;23;3,89
liste_bv;detail_bv;1078;candidat;01;TEISSIER Guy;243;47,18;0;1079;candidat;01;TEISSIER Guy;299;55,89;1
liste_bv;detail_bv;1078;candidat;02;OLMETA René;272;52,82;1;1079;candidat;02;OLMETA René;236;44,11;0
liste_bv;total_bv;802;524;65,34;515;64,21;9;1,72;948;558;58,86;535;56,43;23;4,12
liste_bv;detail_bv;1080;candidat;01;TEISSIER Guy;282;56,51;1;;;;;;;
liste_bv;detail_bv;1080;candidat;02;OLMETA René;217;43,49;0;;;;;;;
liste_bv;total_bv;849;514;60,54;499;58,78;15;2,92;;;;;;;
detail;SECTEUR;06;candidat;01;BLUM Roland;24 661;54,39;1
detail;SECTEUR;06;candidat;02;MASSE Christophe;20 676;45,61;0
total;72 350;46 673;64,51;45 337;62,66;1 336;2,86
liste_bv;detail_bv;1101;candidat;01;BLUM Roland;343;48,79;0;1102;candidat;01;BLUM Roland;279;47,53;0
liste_bv;detail_bv;1101;candidat;02;MASSE Christophe;360;51,21;1;1102;candidat;02;MASSE Christophe;308;52,47;1
liste_bv;total_bv;1 224;735;60,05;703;57,43;32;4,35;1 009;607;60,16;587;58,18;20;3,29
liste_bv;detail_bv;1103;candidat;01;BLUM Roland;134;27,52;0;1150;candidat;01;BLUM Roland;155;37,99;0
liste_bv;detail_bv;1103;candidat;02;MASSE Christophe;353;72,48;1;1150;candidat;02;MASSE Christophe;253;62,01;1
liste_bv;total_bv;834;498;59,71;487;58,39;11;2,21;729;420;57,61;408;55,97;12;2,86
liste_bv;detail_bv;1151;candidat;01;BLUM Roland;241;50,42;1;1152;candidat;01;BLUM Roland;243;52,94;1
liste_bv;detail_bv;1151;candidat;02;MASSE Christophe;237;49,58;0;1152;candidat;02;MASSE Christophe;216;47,06;0
liste_bv;total_bv;819;492;60,07;478;58,36;14;2,85;836;472;56,46;459;54,90;13;2,75
liste_bv;detail_bv;1153;candidat;01;BLUM Roland;118;28,85;0;1154;candidat;01;BLUM Roland;228;47,80;0
liste_bv;detail_bv;1153;candidat;02;MASSE Christophe;291;71,15;1;1154;candidat;02;MASSE Christophe;249;52,20;1
liste_bv;total_bv;886;418;47,18;409;46,16;9;2,15;815;496;60,86;477;58,53;19;3,83
liste_bv;detail_bv;1155;candidat;01;BLUM Roland;360;55,99;1;1156;candidat;01;BLUM Roland;270;40,06;0
liste_bv;detail_bv;1155;candidat;02;MASSE Christophe;283;44,01;0;1156;candidat;02;MASSE Christophe;404;59,94;1
liste_bv;total_bv;1 008;659;65,38;643;63,79;16;2,43;1 176;689;58,59;674;57,31;15;2,18
liste_bv;detail_bv;1157;candidat;01;BLUM Roland;220;41,35;0;1158;candidat;01;BLUM Roland;286;49,48;0
liste_bv;detail_bv;1157;candidat;02;MASSE Christophe;312;58,65;1;1158;candidat;02;MASSE Christophe;292;50,52;1
liste_bv;total_bv;934;554;59,31;532;56,96;22;3,97;899;596;66,30;578;64,29;18;3,02
liste_bv;detail_bv;1159;candidat;01;BLUM Roland;204;36,62;0;1160;candidat;01;BLUM Roland;345;43,02;0
liste_bv;detail_bv;1159;candidat;02;MASSE Christophe;353;63,38;1;1160;candidat;02;MASSE Christophe;457;56,98;1
liste_bv;total_bv;927;576;62,14;557;60,09;19;3,30;1 353;832;61,49;802;59,28;30;3,61
liste_bv;detail_bv;1161;candidat;01;BLUM Roland;264;38,32;0;1162;candidat;01;BLUM Roland;215;48,21;0
liste_bv;detail_bv;1161;candidat;02;MASSE Christophe;425;61,68;1;1162;candidat;02;MASSE Christophe;231;51,79;1
liste_bv;total_bv;1 268;719;56,70;689;54,34;30;4,17;721;459;63,66;446;61,86;13;2,83
liste_bv;detail_bv;1163;candidat;01;BLUM Roland;300;49,10;0;1164;candidat;01;BLUM Roland;189;31,09;0
liste_bv;detail_bv;1163;candidat;02;MASSE Christophe;311;50,90;1;1164;candidat;02;MASSE Christophe;419;68,91;1
liste_bv;total_bv;1 132;624;55,12;611;53,98;13;2,08;1 138;624;54,83;608;53,43;16;2,56
detail;rupture_bv;;;;;;;
liste_bv;detail_bv;1165;candidat;01;BLUM Roland;344;43,00;0;1166;candidat;01;BLUM Roland;242;43,14;0
liste_bv;detail_bv;1165;candidat;02;MASSE Christophe;456;57,00;1;1166;candidat;02;MASSE Christophe;319;56,86;1
liste_bv;total_bv;1 327;833;62,77;800;60,29;33;3,96;991;578;58,32;561;56,61;17;2,94
liste_bv;detail_bv;1167;candidat;01;BLUM Roland;397;58,90;1;1168;candidat;01;BLUM Roland;325;56,13;1
liste_bv;detail_bv;1167;candidat;02;MASSE Christophe;277;41,10;0;1168;candidat;02;MASSE Christophe;254;43,87;0
liste_bv;total_bv;1 079;686;63,58;674;62,47;12;1,75;968;608;62,81;579;59,81;29;4,77
liste_bv;detail_bv;1169;candidat;01;BLUM Roland;424;56,61;1;1170;candidat;01;BLUM Roland;499;59,90;1
liste_bv;detail_bv;1169;candidat;02;MASSE Christophe;325;43,39;0;1170;candidat;02;MASSE Christophe;334;40,10;0
liste_bv;total_bv;1 186;771;65,01;749;63,15;22;2,85;1 257;868;69,05;833;66,27;35;4,03
liste_bv;detail_bv;1171;candidat;01;BLUM Roland;414;57,90;1;1172;candidat;01;BLUM Roland;471;56,68;1
liste_bv;detail_bv;1171;candidat;02;MASSE Christophe;301;42,10;0;1172;candidat;02;MASSE Christophe;360;43,32;0
liste_bv;total_bv;1 092;735;67,31;715;65,48;20;2,72;1 184;851;71,88;831;70,19;20;2,35
liste_bv;detail_bv;1173;candidat;01;BLUM Roland;366;53,59;1;1174;candidat;01;BLUM Roland;345;53,08;1
liste_bv;detail_bv;1173;candidat;02;MASSE Christophe;317;46,41;0;1174;candidat;02;MASSE Christophe;305;46,92;0
liste_bv;total_bv;1 101;711;64,58;683;62,03;28;3,94;989;669;67,64;650;65,72;19;2,84
liste_bv;detail_bv;1175;candidat;01;BLUM Roland;326;52,08;1;1176;candidat;01;BLUM Roland;216;39,13;0
liste_bv;detail_bv;1175;candidat;02;MASSE Christophe;300;47,92;0;1176;candidat;02;MASSE Christophe;336;60,87;1
liste_bv;total_bv;1 000;656;65,60;626;62,60;30;4,57;953;571;59,92;552;57,92;19;3,33
liste_bv;detail_bv;1177;candidat;01;BLUM Roland;504;57,93;1;1178;candidat;01;BLUM Roland;254;44,41;0
liste_bv;detail_bv;1177;candidat;02;MASSE Christophe;366;42,07;0;1178;candidat;02;MASSE Christophe;318;55,59;1
liste_bv;total_bv;1 330;897;67,44;870;65,41;27;3,01;979;584;59,65;572;58,43;12;2,05
liste_bv;detail_bv;1179;candidat;01;BLUM Roland;97;21,09;0;1201;candidat;01;BLUM Roland;237;58,96;1
liste_bv;detail_bv;1179;candidat;02;MASSE Christophe;363;78,91;1;1201;candidat;02;MASSE Christophe;165;41,04;0
liste_bv;total_bv;838;470;56,09;460;54,89;10;2,13;642;407;63,40;402;62,62;5;1,23
liste_bv;detail_bv;1202;candidat;01;BLUM Roland;431;61,48;1;1203;candidat;01;BLUM Roland;561;65,85;1
liste_bv;detail_bv;1202;candidat;02;MASSE Christophe;270;38,52;0;1203;candidat;02;MASSE Christophe;291;34,15;0
liste_bv;total_bv;1 053;714;67,81;701;66,57;13;1,82;1 396;884;63,32;852;61,03;32;3,62
detail;rupture_bv;;;;;;;
liste_bv;detail_bv;1204;candidat;01;BLUM Roland;645;71,43;1;1205;candidat;01;BLUM Roland;376;54,65;1
liste_bv;detail_bv;1204;candidat;02;MASSE Christophe;258;28,57;0;1205;candidat;02;MASSE Christophe;312;45,35;0
liste_bv;total_bv;1 319;922;69,90;903;68,46;19;2,06;1 098;704;64,12;688;62,66;16;2,27
liste_bv;detail_bv;1206;candidat;01;BLUM Roland;532;64,17;1;1207;candidat;01;BLUM Roland;325;60,30;1
liste_bv;detail_bv;1206;candidat;02;MASSE Christophe;297;35,83;0;1207;candidat;02;MASSE Christophe;214;39,70;0
liste_bv;total_bv;1 252;860;68,69;829;66,21;31;3,60;796;550;69,10;539;67,71;11;2,00
liste_bv;detail_bv;1208;candidat;01;BLUM Roland;550;63,81;1;1209;candidat;01;BLUM Roland;437;65,03;1
liste_bv;detail_bv;1208;candidat;02;MASSE Christophe;312;36,19;0;1209;candidat;02;MASSE Christophe;235;34,97;0
liste_bv;total_bv;1 270;882;69,45;862;67,87;20;2,27;1 002;682;68,06;672;67,07;10;1,47
liste_bv;detail_bv;1210;candidat;01;BLUM Roland;448;67,17;1;1211;candidat;01;BLUM Roland;487;61,49;1
liste_bv;detail_bv;1210;candidat;02;MASSE Christophe;219;32,83;0;1211;candidat;02;MASSE Christophe;305;38,51;0
liste_bv;total_bv;1 007;690;68,52;667;66,24;23;3,33;1 103;820;74,34;792;71,80;28;3,41
liste_bv;detail_bv;1212;candidat;01;BLUM Roland;424;65,94;1;1221;candidat;01;BLUM Roland;427;59,80;1
liste_bv;detail_bv;1212;candidat;02;MASSE Christophe;219;34,06;0;1221;candidat;02;MASSE Christophe;287;40,20;0
liste_bv;total_bv;959;665;69,34;643;67,05;22;3,31;1 101;735;66,76;714;64,85;21;2,86
liste_bv;detail_bv;1241;candidat;01;BLUM Roland;351;63,24;1;1242;candidat;01;BLUM Roland;591;65,23;1
liste_bv;detail_bv;1241;candidat;02;MASSE Christophe;204;36,76;0;1242;candidat;02;MASSE Christophe;315;34,77;0
liste_bv;total_bv;836;569;68,06;555;66,39;14;2,46;1 262;929;73,61;906;71,79;23;2,48
liste_bv;detail_bv;1243;candidat;01;BLUM Roland;495;61,11;1;1244;candidat;01;BLUM Roland;294;53,07;1
liste_bv;detail_bv;1243;candidat;02;MASSE Christophe;315;38,89;0;1244;candidat;02;MASSE Christophe;260;46,93;0
liste_bv;total_bv;1 180;833;70,59;810;68,64;23;2,76;900;574;63,78;554;61,56;20;3,48
liste_bv;detail_bv;1245;candidat;01;BLUM Roland;323;50,23;1;1261;candidat;01;BLUM Roland;572;66,13;1
liste_bv;detail_bv;1245;candidat;02;MASSE Christophe;320;49,77;0;1261;candidat;02;MASSE Christophe;293;33,87;0
liste_bv;total_bv;1 107;661;59,71;643;58,08;18;2,72;1 259;880;69,90;865;68,71;15;1,70
liste_bv;detail_bv;1262;candidat;01;BLUM Roland;422;59,94;1;1263;candidat;01;BLUM Roland;319;55,09;1
liste_bv;detail_bv;1262;candidat;02;MASSE Christophe;282;40,06;0;1263;candidat;02;MASSE Christophe;260;44,91;0
liste_bv;total_bv;1 084;717;66,14;704;64,94;13;1,81;914;604;66,08;579;63,35;25;4,14
detail;rupture_bv;;;;;;;
liste_bv;detail_bv;1264;candidat;01;BLUM Roland;332;57,04;1;1265;candidat;01;BLUM Roland;537;67,29;1
liste_bv;detail_bv;1264;candidat;02;MASSE Christophe;250;42,96;0;1265;candidat;02;MASSE Christophe;261;32,71;0
liste_bv;total_bv;972;596;61,32;582;59,88;14;2,35;1 225;820;66,94;798;65,14;22;2,68
liste_bv;detail_bv;1266;candidat;01;BLUM Roland;387;60,19;1;1267;candidat;01;BLUM Roland;315;55,07;1
liste_bv;detail_bv;1266;candidat;02;MASSE Christophe;256;39,81;0;1267;candidat;02;MASSE Christophe;257;44,93;0
liste_bv;total_bv;941;661;70,24;643;68,33;18;2,72;975;589;60,41;572;58,67;17;2,89
liste_bv;detail_bv;1268;candidat;01;BLUM Roland;355;42,82;0;1269;candidat;01;BLUM Roland;350;58,43;1
liste_bv;detail_bv;1268;candidat;02;MASSE Christophe;474;57,18;1;1269;candidat;02;MASSE Christophe;249;41,57;0
liste_bv;total_bv;1 369;853;62,31;829;60,56;24;2,81;939;617;65,71;599;63,79;18;2,92
liste_bv;detail_bv;1270;candidat;01;BLUM Roland;460;65,71;1;1271;candidat;01;BLUM Roland;452;66,57;1
liste_bv;detail_bv;1270;candidat;02;MASSE Christophe;240;34,29;0;1271;candidat;02;MASSE Christophe;227;33,43;0
liste_bv;total_bv;1 025;720;70,24;700;68,29;20;2,78;1 062;692;65,16;679;63,94;13;1,88
liste_bv;detail_bv;1272;candidat;01;BLUM Roland;417;61,60;1;1281;candidat;01;BLUM Roland;471;58,44;1
liste_bv;detail_bv;1272;candidat;02;MASSE Christophe;260;38,40;0;1281;candidat;02;MASSE Christophe;335;41,56;0
liste_bv;total_bv;993;699;70,39;677;68,18;22;3,15;1 291;821;63,59;806;62,43;15;1,83
liste_bv;detail_bv;1282;candidat;01;BLUM Roland;322;53,31;1;1283;candidat;01;BLUM Roland;299;43,84;0
liste_bv;detail_bv;1282;candidat;02;MASSE Christophe;282;46,69;0;1283;candidat;02;MASSE Christophe;383;56,16;1
liste_bv;total_bv;896;628;70,09;604;67,41;24;3,82;1 114;704;63,20;682;61,22;22;3,13
liste_bv;detail_bv;1284;candidat;01;BLUM Roland;373;51,24;1;1285;candidat;01;BLUM Roland;489;61,13;1
liste_bv;detail_bv;1284;candidat;02;MASSE Christophe;355;48,76;0;1285;candidat;02;MASSE Christophe;311;38,88;0
liste_bv;total_bv;1 151;747;64,90;728;63,25;19;2,54;1 210;825;68,18;800;66,12;25;3,03
liste_bv;detail_bv;1286;candidat;01;BLUM Roland;237;52,09;1;;;;;;;
liste_bv;detail_bv;1286;candidat;02;MASSE Christophe;218;47,91;0;;;;;;;
liste_bv;total_bv;665;461;69,32;455;68,42;6;1,30;;;;;;;
detail;SECTEUR;07;candidat;01;RAVIER Stéphane;3 642;8,03;0
detail;SECTEUR;07;candidat;02;BOYER Valérie;17 200;37,91;0
detail;SECTEUR;07;candidat;03;ANDRIEUX Sylvie;24 525;54,06;1
total;76 558;46 357;60,55;45 367;59,26;990;2,14
liste_bv;detail_bv;1301;candidat;01;RAVIER Stéphane;41;10,43;0;1302;candidat;01;RAVIER Stéphane;56;10,00;0
liste_bv;detail_bv;1301;candidat;02;BOYER Valérie;175;44,53;0;1302;candidat;02;BOYER Valérie;248;44,29;0
liste_bv;detail_bv;1301;candidat;03;ANDRIEUX Sylvie;177;45,04;1;1302;candidat;03;ANDRIEUX Sylvie;256;45,71;1
liste_bv;total_bv;659;402;61,00;393;59,64;9;2,24;961;572;59,52;560;58,27;12;2,10
liste_bv;detail_bv;1303;candidat;01;RAVIER Stéphane;48;7,34;0;1304;candidat;01;RAVIER Stéphane;48;10,28;0
liste_bv;detail_bv;1303;candidat;02;BOYER Valérie;334;51,07;1;1304;candidat;02;BOYER Valérie;221;47,32;1
liste_bv;detail_bv;1303;candidat;03;ANDRIEUX Sylvie;272;41,59;0;1304;candidat;03;ANDRIEUX Sylvie;198;42,40;0
liste_bv;total_bv;1 053;670;63,63;654;62,11;16;2,39;780;479;61,41;467;59,87;12;2,51
liste_bv;detail_bv;1305;candidat;01;RAVIER Stéphane;31;7,43;0;1306;candidat;01;RAVIER Stéphane;42;8,88;0
liste_bv;detail_bv;1305;candidat;02;BOYER Valérie;215;51,56;1;1306;candidat;02;BOYER Valérie;134;28,33;0
liste_bv;detail_bv;1305;candidat;03;ANDRIEUX Sylvie;171;41,01;0;1306;candidat;03;ANDRIEUX Sylvie;297;62,79;1
liste_bv;total_bv;710;423;59,58;417;58,73;6;1,42;842;480;57,01;473;56,18;7;1,46
liste_bv;detail_bv;1307;candidat;01;RAVIER Stéphane;20;3,94;0;1308;candidat;01;RAVIER Stéphane;12;3,28;0
liste_bv;detail_bv;1307;candidat;02;BOYER Valérie;113;22,29;0;1308;candidat;02;BOYER Valérie;199;54,37;1
liste_bv;detail_bv;1307;candidat;03;ANDRIEUX Sylvie;374;73,77;1;1308;candidat;03;ANDRIEUX Sylvie;155;42,35;0
liste_bv;total_bv;940;517;55,00;507;53,94;10;1,93;630;370;58,73;366;58,10;4;1,08
liste_bv;detail_bv;1331;candidat;01;RAVIER Stéphane;80;10,09;0;1332;candidat;01;RAVIER Stéphane;36;6,49;0
liste_bv;detail_bv;1331;candidat;02;BOYER Valérie;317;39,97;0;1332;candidat;02;BOYER Valérie;253;45,59;0
liste_bv;detail_bv;1331;candidat;03;ANDRIEUX Sylvie;396;49,94;1;1332;candidat;03;ANDRIEUX Sylvie;266;47,93;1
liste_bv;total_bv;1 247;801;64,23;793;63,59;8;1,00;891;569;63,86;555;62,29;14;2,46
liste_bv;detail_bv;1333;candidat;01;RAVIER Stéphane;13;2,01;0;1335;candidat;01;RAVIER Stéphane;25;3,51;0
liste_bv;detail_bv;1333;candidat;02;BOYER Valérie;115;17,75;0;1335;candidat;02;BOYER Valérie;142;19,92;0
liste_bv;detail_bv;1333;candidat;03;ANDRIEUX Sylvie;520;80,25;1;1335;candidat;03;ANDRIEUX Sylvie;546;76,58;1
liste_bv;total_bv;1 199;660;55,05;648;54,05;12;1,82;1 267;725;57,22;713;56,27;12;1,66
liste_bv;detail_bv;1336;candidat;01;RAVIER Stéphane;37;8,10;0;1337;candidat;01;RAVIER Stéphane;15;2,98;0
liste_bv;detail_bv;1336;candidat;02;BOYER Valérie;161;35,23;0;1337;candidat;02;BOYER Valérie;116;23,06;0
liste_bv;detail_bv;1336;candidat;03;ANDRIEUX Sylvie;259;56,67;1;1337;candidat;03;ANDRIEUX Sylvie;372;73,96;1
liste_bv;total_bv;863;470;54,46;457;52,95;13;2,77;896;518;57,81;503;56,14;15;2,90
detail;rupture_bv;;;;;;;
liste_bv;detail_bv;1338;candidat;01;RAVIER Stéphane;57;6,86;0;1339;candidat;01;RAVIER Stéphane;49;8,15;0
liste_bv;detail_bv;1338;candidat;02;BOYER Valérie;325;39,11;0;1339;candidat;02;BOYER Valérie;210;34,94;0
liste_bv;detail_bv;1338;candidat;03;ANDRIEUX Sylvie;449;54,03;1;1339;candidat;03;ANDRIEUX Sylvie;342;56,91;1
liste_bv;total_bv;1 341;847;63,16;831;61,97;16;1,89;1 012;612;60,47;601;59,39;11;1,80
liste_bv;detail_bv;1340;candidat;01;RAVIER Stéphane;68;8,32;0;1341;candidat;01;RAVIER Stéphane;32;7,14;0
liste_bv;detail_bv;1340;candidat;02;BOYER Valérie;378;46,27;1;1341;candidat;02;BOYER Valérie;208;46,43;1
liste_bv;detail_bv;1340;candidat;03;ANDRIEUX Sylvie;371;45,41;0;1341;candidat;03;ANDRIEUX Sylvie;208;46,43;1
liste_bv;total_bv;1 266;837;66,11;817;64,53;20;2,39;867;463;53,40;448;51,67;15;3,24
liste_bv;detail_bv;1342;candidat;01;RAVIER Stéphane;38;5,20;0;1343;candidat;01;RAVIER Stéphane;36;4,94;0
liste_bv;detail_bv;1342;candidat;02;BOYER Valérie;217;29,69;0;1343;candidat;02;BOYER Valérie;133;18,24;0
liste_bv;detail_bv;1342;candidat;03;ANDRIEUX Sylvie;476;65,12;1;1343;candidat;03;ANDRIEUX Sylvie;560;76,82;1
liste_bv;total_bv;1 330;747;56,17;731;54,96;16;2,14;1 265;732;57,87;729;57,63;3;0,41
liste_bv;detail_bv;1344;candidat;01;RAVIER Stéphane;60;10,12;0;1345;candidat;01;RAVIER Stéphane;33;7,13;0
liste_bv;detail_bv;1344;candidat;02;BOYER Valérie;267;45,03;1;1345;candidat;02;BOYER Valérie;164;35,42;0
liste_bv;detail_bv;1344;candidat;03;ANDRIEUX Sylvie;266;44,86;0;1345;candidat;03;ANDRIEUX Sylvie;266;57,45;1
liste_bv;total_bv;1 032;609;59,01;593;57,46;16;2,63;825;473;57,33;463;56,12;10;2,11
liste_bv;detail_bv;1346;candidat;01;RAVIER Stéphane;31;5,84;0;1347;candidat;01;RAVIER Stéphane;67;10,88;0
liste_bv;detail_bv;1346;candidat;02;BOYER Valérie;155;29,19;0;1347;candidat;02;BOYER Valérie;210;34,09;0
liste_bv;detail_bv;1346;candidat;03;ANDRIEUX Sylvie;345;64,97;1;1347;candidat;03;ANDRIEUX Sylvie;339;55,03;1
liste_bv;total_bv;1 014;576;56,80;531;52,37;45;7,81;1 091;633;58,02;616;56,46;17;2,69
liste_bv;detail_bv;1348;candidat;01;RAVIER Stéphane;43;9,37;0;1349;candidat;01;RAVIER Stéphane;74;8,43;0
liste_bv;detail_bv;1348;candidat;02;BOYER Valérie;170;37,04;0;1349;candidat;02;BOYER Valérie;379;43,17;0
liste_bv;detail_bv;1348;candidat;03;ANDRIEUX Sylvie;246;53,59;1;1349;candidat;03;ANDRIEUX Sylvie;425;48,41;1
liste_bv;total_bv;767;474;61,80;459;59,84;15;3,16;1 386;898;64,79;878;63,35;20;2,23
liste_bv;detail_bv;1350;candidat;01;RAVIER Stéphane;65;9,00;0;1351;candidat;01;RAVIER Stéphane;68;8,51;0
liste_bv;detail_bv;1350;candidat;02;BOYER Valérie;326;45,15;0;1351;candidat;02;BOYER Valérie;296;37,05;0
liste_bv;detail_bv;1350;candidat;03;ANDRIEUX Sylvie;331;45,84;1;1351;candidat;03;ANDRIEUX Sylvie;435;54,44;1
liste_bv;total_bv;1 350;735;54,44;722;53,48;13;1,77;1 333;808;60,62;799;59,94;9;1,11
detail;rupture_bv;;;;;;;
liste_bv;detail_bv;1360;candidat;01;RAVIER Stéphane;49;9,44;0;1361;candidat;01;RAVIER Stéphane;44;7,30;0
liste_bv;detail_bv;1360;candidat;02;BOYER Valérie;184;35,45;0;1361;candidat;02;BOYER Valérie;230;38,14;0
liste_bv;detail_bv;1360;candidat;03;ANDRIEUX Sylvie;286;55,11;1;1361;candidat;03;ANDRIEUX Sylvie;329;54,56;1
liste_bv;total_bv;828;530;64,01;519;62,68;11;2,08;1 027;613;59,69;603;58,71;10;1,63
liste_bv;detail_bv;1362;candidat;01;RAVIER Stéphane;47;7,20;0;1363;candidat;01;RAVIER Stéphane;59;9,31;0
liste_bv;detail_bv;1362;candidat;02;BOYER Valérie;357;54,67;1;1363;candidat;02;BOYER Valérie;327;51,58;1
liste_bv;detail_bv;1362;candidat;03;ANDRIEUX Sylvie;249;38,13;0;1363;candidat;03;ANDRIEUX Sylvie;248;39,12;0
liste_bv;total_bv;910;658;72,31;653;71,76;5;0,76;992;652;65,73;634;63,91;18;2,76
liste_bv;detail_bv;1364;candidat;01;RAVIER Stéphane;44;6,12;0;1365;candidat;01;RAVIER Stéphane;49;6,63;0
liste_bv;detail_bv;1364;candidat;02;BOYER Valérie;341;47,43;1;1365;candidat;02;BOYER Valérie;334;45,20;0
liste_bv;detail_bv;1364;candidat;03;ANDRIEUX Sylvie;334;46,45;0;1365;candidat;03;ANDRIEUX Sylvie;356;48,17;1
liste_bv;total_bv;1 105;732;66,24;719;65,07;13;1,78;1 276;754;59,09;739;57,92;15;1,99
liste_bv;detail_bv;1366;candidat;01;RAVIER Stéphane;56;9,69;0;1367;candidat;01;RAVIER Stéphane;31;5,86;0
liste_bv;detail_bv;1366;candidat;02;BOYER Valérie;184;31,83;0;1367;candidat;02;BOYER Valérie;267;50,47;1
liste_bv;detail_bv;1366;candidat;03;ANDRIEUX Sylvie;338;58,48;1;1367;candidat;03;ANDRIEUX Sylvie;231;43,67;0
liste_bv;total_bv;1 021;600;58,77;578;56,61;22;3,67;856;539;62,97;529;61,80;10;1,86
liste_bv;detail_bv;1368;candidat;01;RAVIER Stéphane;79;10,35;0;1369;candidat;01;RAVIER Stéphane;43;5,58;0
liste_bv;detail_bv;1368;candidat;02;BOYER Valérie;285;37,35;0;1369;candidat;02;BOYER Valérie;433;56,23;1
liste_bv;detail_bv;1368;candidat;03;ANDRIEUX Sylvie;399;52,29;1;1369;candidat;03;ANDRIEUX Sylvie;294;38,18;0
liste_bv;total_bv;1 255;796;63,43;763;60,80;33;4,15;1 106;794;71,79;770;69,62;24;3,02
liste_bv;detail_bv;1370;candidat;01;RAVIER Stéphane;67;8,33;0;1371;candidat;01;RAVIER Stéphane;58;7,14;0
liste_bv;detail_bv;1370;candidat;02;BOYER Valérie;389;48,38;1;1371;candidat;02;BOYER Valérie;419;51,60;1
liste_bv;detail_bv;1370;candidat;03;ANDRIEUX Sylvie;348;43,28;0;1371;candidat;03;ANDRIEUX Sylvie;335;41,26;0
liste_bv;total_bv;1 178;818;69,44;804;68,25;14;1,71;1 147;835;72,80;812;70,79;23;2,75
liste_bv;detail_bv;1372;candidat;01;RAVIER Stéphane;83;7,83;0;1373;candidat;01;RAVIER Stéphane;74;9,10;0
liste_bv;detail_bv;1372;candidat;02;BOYER Valérie;503;47,45;1;1373;candidat;02;BOYER Valérie;363;44,65;0
liste_bv;detail_bv;1372;candidat;03;ANDRIEUX Sylvie;474;44,72;0;1373;candidat;03;ANDRIEUX Sylvie;376;46,25;1
liste_bv;total_bv;1 493;1 084;72,61;1 060;71,00;24;2,21;1 203;824;68,50;813;67,58;11;1,33
detail;rupture_bv;;;;;;;
liste_bv;detail_bv;1374;candidat;01;RAVIER Stéphane;76;9,44;0;1375;candidat;01;RAVIER Stéphane;70;8,42;0
liste_bv;detail_bv;1374;candidat;02;BOYER Valérie;408;50,68;1;1375;candidat;02;BOYER Valérie;382;45,97;1
liste_bv;detail_bv;1374;candidat;03;ANDRIEUX Sylvie;321;39,88;0;1375;candidat;03;ANDRIEUX Sylvie;379;45,61;0
liste_bv;total_bv;1 145;824;71,97;805;70,31;19;2,31;1 256;854;67,99;831;66,16;23;2,69
liste_bv;detail_bv;1376;candidat;01;RAVIER Stéphane;22;5,16;0;1377;candidat;01;RAVIER Stéphane;24;5,59;0
liste_bv;detail_bv;1376;candidat;02;BOYER Valérie;181;42,49;0;1377;candidat;02;BOYER Valérie;98;22,84;0
liste_bv;detail_bv;1376;candidat;03;ANDRIEUX Sylvie;223;52,35;1;1377;candidat;03;ANDRIEUX Sylvie;307;71,56;1
liste_bv;total_bv;687;434;63,17;426;62,01;8;1,84;785;441;56,18;429;54,65;12;2,72
liste_bv;detail_bv;1401;candidat;01;RAVIER Stéphane;82;14,64;0;1402;candidat;01;RAVIER Stéphane;97;15,62;0
liste_bv;detail_bv;1401;candidat;02;BOYER Valérie;178;31,79;0;1402;candidat;02;BOYER Valérie;220;35,43;0
liste_bv;detail_bv;1401;candidat;03;ANDRIEUX Sylvie;300;53,57;1;1402;candidat;03;ANDRIEUX Sylvie;304;48,95;1
liste_bv;total_bv;970;568;58,56;560;57,73;8;1,41;1 116;634;56,81;621;55,65;13;2,05
liste_bv;detail_bv;1404;candidat;01;RAVIER Stéphane;81;11,65;0;1405;candidat;01;RAVIER Stéphane;52;8,80;0
liste_bv;detail_bv;1404;candidat;02;BOYER Valérie;182;26,19;0;1405;candidat;02;BOYER Valérie;133;22,50;0
liste_bv;detail_bv;1404;candidat;03;ANDRIEUX Sylvie;432;62,16;1;1405;candidat;03;ANDRIEUX Sylvie;406;68,70;1
liste_bv;total_bv;1 384;702;50,72;695;50,22;7;1,00;1 123;601;53,52;591;52,63;10;1,66
liste_bv;detail_bv;1407;candidat;01;RAVIER Stéphane;77;11,18;0;1408;candidat;01;RAVIER Stéphane;67;13,27;0
liste_bv;detail_bv;1407;candidat;02;BOYER Valérie;206;29,90;0;1408;candidat;02;BOYER Valérie;199;39,41;0
liste_bv;detail_bv;1407;candidat;03;ANDRIEUX Sylvie;406;58,93;1;1408;candidat;03;ANDRIEUX Sylvie;239;47,33;1
liste_bv;total_bv;1 218;704;57,80;689;56,57;15;2,13;864;513;59,38;505;58,45;8;1,56
liste_bv;detail_bv;1409;candidat;01;RAVIER Stéphane;36;8,47;0;1410;candidat;01;RAVIER Stéphane;61;10,45;0
liste_bv;detail_bv;1409;candidat;02;BOYER Valérie;135;31,76;0;1410;candidat;02;BOYER Valérie;140;23,97;0
liste_bv;detail_bv;1409;candidat;03;ANDRIEUX Sylvie;254;59,76;1;1410;candidat;03;ANDRIEUX Sylvie;383;65,58;1
liste_bv;total_bv;750;435;58,00;425;56,67;10;2,30;944;606;64,19;584;61,86;22;3,63
liste_bv;detail_bv;1411;candidat;01;RAVIER Stéphane;48;9,62;0;1414;candidat;01;RAVIER Stéphane;85;14,83;0
liste_bv;detail_bv;1411;candidat;02;BOYER Valérie;175;35,07;0;1414;candidat;02;BOYER Valérie;180;31,41;0
liste_bv;detail_bv;1411;candidat;03;ANDRIEUX Sylvie;276;55,31;1;1414;candidat;03;ANDRIEUX Sylvie;308;53,75;1
liste_bv;total_bv;873;517;59,22;499;57,16;18;3,48;1 059;589;55,62;573;54,11;16;2,72
detail;rupture_bv;;;;;;;
liste_bv;detail_bv;1415;candidat;01;RAVIER Stéphane;48;9,64;0;1416;candidat;01;RAVIER Stéphane;34;7,71;0
liste_bv;detail_bv;1415;candidat;02;BOYER Valérie;187;37,55;0;1416;candidat;02;BOYER Valérie;174;39,46;0
liste_bv;detail_bv;1415;candidat;03;ANDRIEUX Sylvie;263;52,81;1;1416;candidat;03;ANDRIEUX Sylvie;233;52,83;1
liste_bv;total_bv;923;508;55,04;498;53,95;10;1,97;849;453;53,36;441;51,94;12;2,65
liste_bv;detail_bv;1417;candidat;01;RAVIER Stéphane;19;4,51;0;1450;candidat;01;RAVIER Stéphane;9;2,26;0
liste_bv;detail_bv;1417;candidat;02;BOYER Valérie;127;30,17;0;1450;candidat;02;BOYER Valérie;58;14,57;0
liste_bv;detail_bv;1417;candidat;03;ANDRIEUX Sylvie;275;65,32;1;1450;candidat;03;ANDRIEUX Sylvie;331;83,17;1
liste_bv;total_bv;794;424;53,40;421;53,02;3;0,71;783;407;51,98;398;50,83;9;2,21
liste_bv;detail_bv;1451;candidat;01;RAVIER Stéphane;60;9,02;0;1452;candidat;01;RAVIER Stéphane;9;2,49;0
liste_bv;detail_bv;1451;candidat;02;BOYER Valérie;283;42,56;0;1452;candidat;02;BOYER Valérie;110;30,39;0
liste_bv;detail_bv;1451;candidat;03;ANDRIEUX Sylvie;322;48,42;1;1452;candidat;03;ANDRIEUX Sylvie;243;67,13;1
liste_bv;total_bv;1 198;678;56,59;665;55,51;13;1,92;585;372;63,59;362;61,88;10;2,69
liste_bv;detail_bv;1453;candidat;01;RAVIER Stéphane;9;1,57;0;1454;candidat;01;RAVIER Stéphane;23;4,54;0
liste_bv;detail_bv;1453;candidat;02;BOYER Valérie;126;21,95;0;1454;candidat;02;BOYER Valérie;98;19,33;0
liste_bv;detail_bv;1453;candidat;03;ANDRIEUX Sylvie;439;76,48;1;1454;candidat;03;ANDRIEUX Sylvie;386;76,13;1
liste_bv;total_bv;1 066;581;54,50;574;53,85;7;1,20;900;519;57,67;507;56,33;12;2,31
liste_bv;detail_bv;1455;candidat;01;RAVIER Stéphane;18;4,65;0;1456;candidat;01;RAVIER Stéphane;46;8,73;0
liste_bv;detail_bv;1455;candidat;02;BOYER Valérie;84;21,71;0;1456;candidat;02;BOYER Valérie;218;41,37;0
liste_bv;detail_bv;1455;candidat;03;ANDRIEUX Sylvie;285;73,64;1;1456;candidat;03;ANDRIEUX Sylvie;263;49,91;1
liste_bv;total_bv;774;388;50,13;387;50,00;1;0,26;867;539;62,17;527;60,78;12;2,23
liste_bv;detail_bv;1457;candidat;01;RAVIER Stéphane;50;7,62;0;1458;candidat;01;RAVIER Stéphane;80;12,31;0
liste_bv;detail_bv;1457;candidat;02;BOYER Valérie;187;28,51;0;1458;candidat;02;BOYER Valérie;247;38,00;0
liste_bv;detail_bv;1457;candidat;03;ANDRIEUX Sylvie;419;63,87;1;1458;candidat;03;ANDRIEUX Sylvie;323;49,69;1
liste_bv;total_bv;1 127;664;58,92;656;58,21;8;1,20;1 098;661;60,20;650;59,20;11;1,66
liste_bv;detail_bv;1459;candidat;01;RAVIER Stéphane;64;8,17;0;1460;candidat;01;RAVIER Stéphane;68;10,03;0
liste_bv;detail_bv;1459;candidat;02;BOYER Valérie;338;43,17;0;1460;candidat;02;BOYER Valérie;308;45,43;1
liste_bv;detail_bv;1459;candidat;03;ANDRIEUX Sylvie;381;48,66;1;1460;candidat;03;ANDRIEUX Sylvie;302;44,54;0
liste_bv;total_bv;1 227;797;64,96;783;63,81;14;1,76;1 036;697;67,28;678;65,44;19;2,73
detail;rupture_bv;;;;;;;
liste_bv;detail_bv;1461;candidat;01;RAVIER Stéphane;37;5,95;0;1462;candidat;01;RAVIER Stéphane;54;7,99;0
liste_bv;detail_bv;1461;candidat;02;BOYER Valérie;182;29,26;0;1462;candidat;02;BOYER Valérie;215;31,80;0
liste_bv;detail_bv;1461;candidat;03;ANDRIEUX Sylvie;403;64,79;1;1462;candidat;03;ANDRIEUX Sylvie;407;60,21;1
liste_bv;total_bv;1 163;635;54,60;622;53,48;13;2,05;1 183;693;58,58;676;57,14;17;2,45
liste_bv;detail_bv;1463;candidat;01;RAVIER Stéphane;39;8,01;0;1464;candidat;01;RAVIER Stéphane;43;9,03;0
liste_bv;detail_bv;1463;candidat;02;BOYER Valérie;162;33,26;0;1464;candidat;02;BOYER Valérie;225;47,27;1
liste_bv;detail_bv;1463;candidat;03;ANDRIEUX Sylvie;286;58,73;1;1464;candidat;03;ANDRIEUX Sylvie;208;43,70;0
liste_bv;total_bv;968;497;51,34;487;50,31;10;2,01;723;481;66,53;476;65,84;5;1,04
liste_bv;detail_bv;1465;candidat;01;RAVIER Stéphane;46;7,59;0;;;;;;;
liste_bv;detail_bv;1465;candidat;02;BOYER Valérie;257;42,41;0;;;;;;;
liste_bv;detail_bv;1465;candidat;03;ANDRIEUX Sylvie;303;50,00;1;;;;;;;
liste_bv;total_bv;906;612;67,55;606;66,89;6;0,98;;;;;;;
detail;ARRONDISSEMENT;01;candidat;01;MENNUCCI Patrick;6 824;62,18;1
detail;ARRONDISSEMENT;01;candidat;02;ROATTA Jean;4 151;37,82;0
total;18 163;11 266;62,03;10 975;60,43;291;2,58
detail;ARRONDISSEMENT;04;candidat;01;GUERINI Jean-Noël;8 688;46,90;0
detail;ARRONDISSEMENT;04;candidat;02;MUSELIER Renaud;9 835;53,10;1
total;29 255;19 110;65,32;18 523;63,32;587;3,07
detail;ARRONDISSEMENT;05;candidat;01;GUERINI Jean-Noël;8 088;50,51;1
detail;ARRONDISSEMENT;05;candidat;02;MUSELIER Renaud;7 926;49,49;0
total;24 702;16 480;66,72;16 014;64,83;466;2,83
detail;ARRONDISSEMENT;07;candidat;01;MENNUCCI Patrick;7 125;43,13;0
detail;ARRONDISSEMENT;07;candidat;02;ROATTA Jean;9 393;56,87;1
total;24 712;17 034;68,93;16 518;66,84;516;3,03
detail;ARRONDISSEMENT;09;candidat;01;TEISSIER Guy;17 527;61,66;1
detail;ARRONDISSEMENT;09;candidat;02;OLMETA René;10 896;38,34;0
total;46 044;29 173;63,36;28 423;61,73;750;2,57
detail;ARRONDISSEMENT;10;candidat;01;TEISSIER Guy;9 816;54,00;1
detail;ARRONDISSEMENT;10;candidat;02;OLMETA René;8 361;46,00;0
total;30 669;18 732;61,08;18 177;59,27;555;2,96
detail;ARRONDISSEMENT;11;candidat;01;BLUM Roland;9 618;47,37;0
detail;ARRONDISSEMENT;11;candidat;02;MASSE Christophe;10 685;52,63;1
total;33 982;20 958;61,67;20 303;59,75;655;3,13
detail;ARRONDISSEMENT;12;candidat;01;BLUM Roland;15 043;60,09;1
detail;ARRONDISSEMENT;12;candidat;02;MASSE Christophe;9 991;39,91;0
total;38 368;25 715;67,02;25 034;65,25;681;2,65
detail;ARRONDISSEMENT;13;candidat;01;RAVIER Stéphane;2 200;7,53;0
detail;ARRONDISSEMENT;13;candidat;02;BOYER Valérie;11 866;40,62;0
detail;ARRONDISSEMENT;13;candidat;03;ANDRIEUX Sylvie;15 145;51,85;1
total;48 087;29 882;62,14;29 211;60,75;671;2,25
detail;ARRONDISSEMENT;14;candidat;01;RAVIER Stéphane;1 442;8,93;0
detail;ARRONDISSEMENT;14;candidat;02;BOYER Valérie;5 334;33,02;0
detail;ARRONDISSEMENT;14;candidat;03;ANDRIEUX Sylvie;9 380;58,06;1
total;28 471;16 475;57,87;16 156;56,75;319;1,94
detail;CIRCONSCRIPTION;01;liste;01;GAUDIN-MUSELIER;21 470;54,99;1
detail;CIRCONSCRIPTION;01;liste;02;GUERINI;17 573;45,01;0
detail;CIRCONSCRIPTION;01;liste;03;FN;0;0,00;0
total;60 722;40 175;66,16;39 043;64,30;1 132;2,82
detail;CIRCONSCRIPTION;03;liste;01;GAUDIN-MUSELIER;11 393;51,07;1
detail;CIRCONSCRIPTION;03;liste;02;GUERINI;10 915;48,93;0
detail;CIRCONSCRIPTION;03;liste;03;FN;0;0,00;0
total;34 613;22 978;66,39;22 308;64,45;670;2,92
detail;CIRCONSCRIPTION;05;liste;01;GAUDIN-MUSELIER;13 523;51,26;1
detail;CIRCONSCRIPTION;05;liste;02;GUERINI;12 860;48,74;0
detail;CIRCONSCRIPTION;05;liste;03;FN;0;0,00;0
total;42 460;27 172;63,99;26 383;62,14;789;2,90
detail;CIRCONSCRIPTION;06;liste;01;GAUDIN-MUSELIER;24 829;57,71;1
detail;CIRCONSCRIPTION;06;liste;02;GUERINI;18 194;42,29;0
detail;CIRCONSCRIPTION;06;liste;03;FN;0;0,00;0
total;70 649;44 222;62,59;43 023;60,90;1 199;2,71
detail;CIRCONSCRIPTION;07;liste;01;GAUDIN-MUSELIER;7 547;34,08;0
detail;CIRCONSCRIPTION;07;liste;02;GUERINI;12 742;57,53;1
detail;CIRCONSCRIPTION;07;liste;03;FN;1 858;8,39;0
total;38 759;22 574;58,24;22 147;57,14;427;1,89
detail;CIRCONSCRIPTION;08;liste;01;GAUDIN-MUSELIER;21 747;46,84;0
detail;CIRCONSCRIPTION;08;liste;02;GUERINI;22 899;49,32;1
detail;CIRCONSCRIPTION;08;liste;03;FN;1 784;3,84;0
total;75 250;47 704;63,39;46 430;61,70;1 274;2,67
detail;CANTON;BELSUNCE;liste;01;GAUDIN-MUSELIER;4 004;44,36;0
detail;CANTON;BELSUNCE;liste;02;GUERINI;5 022;55,64;1
detail;CANTON;BELSUNCE;liste;03;FN;0;0,00;0
total;14 725;9 305;63,19;9 026;61,30;279;3,00
detail;CANTON;LA BLANCARDE;liste;01;GAUDIN-MUSELIER;6 768;53,95;1
detail;CANTON;LA BLANCARDE;liste;02;GUERINI;5 776;46,05;0
detail;CANTON;LA BLANCARDE;liste;03;FN;0;0,00;0
total;20 040;12 963;64,69;12 544;62,59;419;3,23
detail;CANTON;LE CAMAS;liste;01;GAUDIN-MUSELIER;5 494;48,91;0
detail;CANTON;LE CAMAS;liste;02;GUERINI;5 739;51,09;1
detail;CANTON;LE CAMAS;liste;03;FN;0;0,00;0
total;16 985;11 566;68,10;11 233;66,13;333;2,88
detail;CANTON;LA CAPELETTE;liste;01;GAUDIN-MUSELIER;6 204;53,63;1
detail;CANTON;LA CAPELETTE;liste;02;GUERINI;5 364;46,37;0
detail;CANTON;LA CAPELETTE;liste;03;FN;0;0,00;0
total;19 708;11 932;60,54;11 568;58,70;364;3,05
detail;CANTON;LES CINQ AVENUES;liste;01;GAUDIN-MUSELIER;5 780;47,75;0
detail;CANTON;LES CINQ AVENUES;liste;02;GUERINI;6 325;52,25;1
detail;CANTON;LES CINQ AVENUES;liste;03;FN;0;0,00;0
total;18 915;12 426;65,69;12 105;64,00;321;2,58
detail;CANTON;LES GRANDS CARMES;liste;01;GAUDIN-MUSELIER;264;30,31;0
detail;CANTON;LES GRANDS CARMES;liste;02;GUERINI;607;69,69;1
detail;CANTON;LES GRANDS CARMES;liste;03;FN;0;0,00;0
total;1 522;895;58,80;871;57,23;24;2,68
detail;CANTON;MAZARGUES;liste;01;GAUDIN-MUSELIER;8 910;60,48;1
detail;CANTON;MAZARGUES;liste;02;GUERINI;5 822;39,52;0
detail;CANTON;MAZARGUES;liste;03;FN;0;0,00;0
total;23 690;15 129;63,86;14 732;62,19;397;2,62
detail;CANTON;MONTOLIVET;liste;01;GAUDIN-MUSELIER;8 922;61,98;1
detail;CANTON;MONTOLIVET;liste;02;GUERINI;5 472;38,02;0
detail;CANTON;MONTOLIVET;liste;03;FN;0;0,00;0
total;21 767;14 786;67,93;14 394;66,13;392;2,65
detail;CANTON;NOTRE DAME DU MONT;liste;01;GAUDIN-MUSELIER;1 825;50,95;1
detail;CANTON;NOTRE DAME DU MONT;liste;02;GUERINI;1 757;49,05;0
detail;CANTON;NOTRE DAME DU MONT;liste;03;FN;0;0,00;0
total;5 767;3 674;63,71;3 582;62,11;92;2,50
detail;CANTON;NOTRE DAME LIMITE;liste;01;GAUDIN-MUSELIER;559;31,32;0
detail;CANTON;NOTRE DAME LIMITE;liste;02;GUERINI;1 096;61,40;1
detail;CANTON;NOTRE DAME LIMITE;liste;03;FN;130;7,28;0
total;3 314;1 825;55,07;1 785;53,86;40;2,19
detail;CANTON;LES OLIVES;liste;01;GAUDIN-MUSELIER;5 685;45,53;0
detail;CANTON;LES OLIVES;liste;02;GUERINI;5 827;46,66;1
detail;CANTON;LES OLIVES;liste;03;FN;975;7,81;0
total;19 270;12 782;66,33;12 487;64,80;295;2,31
detail;CANTON;LA POMME;liste;01;GAUDIN-MUSELIER;7 302;50,01;1
detail;CANTON;LA POMME;liste;02;GUERINI;7 298;49,99;0
detail;CANTON;LA POMME;liste;03;FN;0;0,00;0
total;24 605;15 049;61,16;14 600;59,34;449;2,98
detail;CANTON;LA ROSE;liste;01;GAUDIN-MUSELIER;3 968;36,97;0
detail;CANTON;LA ROSE;liste;02;GUERINI;5 956;55,49;1
detail;CANTON;LA ROSE;liste;03;FN;809;7,54;0
total;18 529;11 001;59,37;10 733;57,93;268;2,44
detail;CANTON;SAINT BARTHELEMY;liste;01;GAUDIN-MUSELIER;3 458;33,17;0
detail;CANTON;SAINT BARTHELEMY;liste;02;GUERINI;6 053;58,06;1
detail;CANTON;SAINT BARTHELEMY;liste;03;FN;914;8,77;0
total;18 101;10 605;58,59;10 425;57,59;180;1,70
detail;CANTON;SAINT JUST;liste;01;GAUDIN-MUSELIER;3 530;35,52;0
detail;CANTON;SAINT JUST;liste;02;GUERINI;5 593;56,28;1
detail;CANTON;SAINT JUST;liste;03;FN;814;8,19;0
total;17 344;10 144;58,49;9 937;57,29;207;2,04
detail;CANTON;SAINT LAMBERT;liste;01;GAUDIN-MUSELIER;7 125;57,41;1
detail;CANTON;SAINT LAMBERT;liste;02;GUERINI;5 286;42,59;0
detail;CANTON;SAINT LAMBERT;liste;03;FN;0;0,00;0
total;18 366;12 778;69,57;12 411;67,58;367;2,87
detail;CANTON;SAINT MARCEL;liste;01;GAUDIN-MUSELIER;4 429;43,26;0
detail;CANTON;SAINT MARCEL;liste;02;GUERINI;5 810;56,74;1
detail;CANTON;SAINT MARCEL;liste;03;FN;0;0,00;0
total;17 517;10 576;60,38;10 239;58,45;337;3,19
detail;CANTON;SAINTE MARGUERITE;liste;01;GAUDIN-MUSELIER;8 617;62,94;1
detail;CANTON;SAINTE MARGUERITE;liste;02;GUERINI;5 074;37,06;0
detail;CANTON;SAINTE MARGUERITE;liste;03;FN;0;0,00;0
total;22 354;14 044;62,83;13 691;61,25;353;2,51
detail;CANTON;LES TROIS LUCS;liste;01;GAUDIN-MUSELIER;7 665;59,09;1
detail;CANTON;LES TROIS LUCS;liste;02;GUERINI;5 306;40,91;0
detail;CANTON;LES TROIS LUCS;liste;03;FN;0;0,00;0
total;19 934;13 345;66,95;12 971;65,07;374;2,80
